{"cameraMode":{"drawMode":0,"name":"Shaded","section":"Shading Mode"},"sceneLighting":false,"audioPlay":false,"sceneViewState":{"showFog":true,"showMaterialUpdate":false,"showSkybox":false,"showFlares":true,"showImageEffects":true,"showParticleSystems":true},"in2DMode":false,"pivot":{"x":71.14717864990235,"y":76.43409729003906,"z":61.37324142456055},"rotation":{"x":-0.026203632354736329,"y":-0.5972875952720642,"z":-0.019535601139068605,"w":0.8013757467269898},"size":27.526378631591798,"orthographic":false}