{"cameraMode":{"drawMode":0,"name":"Shaded","section":"Shading Mode"},"sceneLighting":true,"audioPlay":false,"sceneViewState":{"showFog":true,"showMaterialUpdate":false,"showSkybox":true,"showFlares":true,"showImageEffects":true,"showParticleSystems":true},"in2DMode":false,"pivot":{"x":-39.94324493408203,"y":19.7054443359375,"z":16.935943603515626},"rotation":{"x":-0.15549518167972566,"y":-0.2859392762184143,"z":-0.04708798974752426,"w":0.9443874359130859},"size":193.12754821777345,"orthographic":false}