{"cameraMode":{"drawMode":0,"name":"Shaded","section":"Shading Mode"},"sceneLighting":true,"audioPlay":false,"sceneViewState":{"showFog":true,"showMaterialUpdate":false,"showSkybox":true,"showFlares":true,"showImageEffects":true,"showParticleSystems":true},"in2DMode":false,"pivot":{"x":45.073951721191409,"y":-19.16988182067871,"z":14.412407875061036},"rotation":{"x":0.1739954799413681,"y":0.5718590021133423,"z":-0.12566228210926057,"w":0.7917854189872742},"size":107.30233764648438,"orthographic":false}