{"cameraMode":{"drawMode":0,"name":"Shaded","section":"Shading Mode"},"sceneLighting":true,"audioPlay":false,"sceneViewState":{"showFog":true,"showMaterialUpdate":false,"showSkybox":true,"showFlares":true,"showImageEffects":true,"showParticleSystems":true},"in2DMode":false,"pivot":{"x":7.446129322052002,"y":-51.957420349121097,"z":-5.961643218994141},"rotation":{"x":0.48553240299224856,"y":0.5137152671813965,"z":-0.48032036423683169,"w":0.5193004608154297},"size":107.30233764648438,"orthographic":false}