{"cameraMode":{"drawMode":0,"name":"Shaded","section":"Shading Mode"},"sceneLighting":false,"audioPlay":false,"sceneViewState":{"showFog":true,"showMaterialUpdate":false,"showSkybox":false,"showFlares":true,"showImageEffects":true,"showParticleSystems":true},"in2DMode":false,"pivot":{"x":4.2523393630981449,"y":9.294182777404786,"z":2.328979730606079},"rotation":{"x":-0.15016309916973115,"y":-0.849165141582489,"z":0.37647679448127749,"w":-0.33869659900665285},"size":16.975427627563478,"orthographic":false}